Nicomedia Hipodromu, Roma İmparatorluğu’nun doğudaki en önemli hipodromlarından biriydi.

Hipodrom, Nicomedia’nın imparatorluk başkenti olduğu dönemde (M.S. 3. yüzyıl sonları – 4. yüzyıl başları) inşa edildi.

İnşa sürecinin Diocletianus (Diocletian) döneminde başladığı kabul edilir.

Yaklaşık kapasitesi 20.000 – 30.000 kişi olarak tahmin edilmektedir.

Hipodrom, Roma'daki Circus Maximus ve İstanbul’daki Hipodrom’un erken dönem öncüllerinden biri sayılır.

Hellenistik dönemdeki bir rekreasyon alanının üzerine genişletme yapılarak inşa edilmiştir.

Nicomedia, Diocletianus’un doğu başkenti olduğundan, hipodrom tören, oyun ve askeri gösteriler için resmî devlet alanı niteliği taşırdı.

Hipodromun ana kullanım amacı at arabası yarışları (chariot races) idi.

Ayrıca imparatorluk propagandasının yapıldığı gösteri ve kutlama törenleri de burada gerçekleştirilirdi.

Hipodromun ortasından geçen spina üzerinde heykeller, anıtlar ve zafer sütunları bulunurdu.

Yapının boyutları kesin olmamakla birlikte uzunluğunun yaklaşık 300 metre olduğu düşünülüyor.

Nicomedia’nın merkezindeki akropolis yamacına yaslanacak şekilde konumlandırılmıştı.

Hipodromun bir bölümü daha sonra Bizans döneminde de kullanılmaya devam etti.

Depremlerin yoğun olduğu bölgede yer aldığı için yapıda farklı dönemlerde restorasyon izleri görülür.

358 ve 362 yıllarındaki büyük Nicomedia depremlerinde ağır hasar aldığı bilinir.

Hipodromun çevresinde hamamlar, saray kompleksi, forum alanı gibi yapılar bulunuyordu.

Diocletianus Sarayı ile birlikte bütünlüklü bir imparatorluk yapıları kompleksi oluşturuyordu.

Roma imparatorluk yönetim bölümü olan praetorium ile bağlantılı geçiş yolları vardı.

Hipodrom, Nicomedia’nın Roma dönemindeki politik ve sosyal yaşamın merkezi konumundaydı.

Yarışlarda en çok Maviler (Veneti) ve Yeşiller (Prasini) adlı ünlü takımlar yarışırdı.

Hipodromun kazılarında tribünlere ait oturma sırası blokları tespit edilmiştir.

Arkeolojik kalıntıların önemli kısmı günümüzde modern yerleşim altında kalmıştır.

Yapının kuzey kısmında geç antik çağ sur kalıntıları ile bağlantılı bir hat bulunur.

Nicomedia Hipodromu, İstanbul hipodromundan yüz yıl kadar daha erken tarihli bir örnektir.

Hipodrom, Roma İmparatorluğu’nun Doğu’daki güç gösterisi için önemli simgesel bir yapıydı.

Yarış arabaları için kullanılan dört atlı quadriga takımları burada yoğun biçimde temsil edilirdi.

Hipodrom sadece spor değil aynı zamanda cezalandırma, infaz ve halk gösterileri için de kullanılırdı.

Pagan dönem festivallerinde ritüel geçit törenleri hipodrom güzergâhından geçerdi.

Gösteriler, imparatorun geniş kitlelere hitap ettiği halkla buluşma alanı niteliği taşırdı.

Nicomedia Hipodromu, günümüzde İzmit şehir arkeolojisi açısından en önemli kayıp yapılardan biridir ve kazı/araştırmalar devam etmektedir.