Nicomedia, Roma döneminde Doğu’nun başkenti olduğu için şehirde birden fazla büyük tapınak bulunuyordu.

Kentte hem Roma devlet kültü tapınakları hem de yerel Anadolu tanrılarına adanmış tapınaklar yer alıyordu.

Şehirdeki en önemli tapınaklardan biri Zeus Stratios Tapınağıdır.

Zeus Stratios Tapınağı’nın yerinin akropolis bölgesine yakın olduğu düşünülmektedir.

Nicomedia’da olası bir Augustus Tapınağı olduğu antik kaynaklardan anlaşılmaktadır.

Kentte ayrıca Roma İmparatorluk Kültü’ne adanmış bir tapınak kompleksi bulunuyordu.

Tapınaklar çoğunlukla mermer kaplamalı, yüksek sütunlu korinth ve iyon düzeninde inşa edilmiştir.

Nicomedia’nın deprem bölgesinde olması nedeniyle tapınakların bir kısmı birden fazla kez yeniden inşa edilmiştir.

Şehrin imparatorluk merkezi olduğu 3. ve 4. yüzyıllarda tapınaklara büyük yatırımlar yapılmıştır.

Tapınakların çoğu, kentin merkezindeki forum bölgesinde yer alıyordu.

Nicomedia, Diocletianus döneminde pagan kültünü desteklediği için tapınakların yoğunlaştığı bir şehir hâline geldi.

Tapınakların önünde geniş tören alanları (temenos) bulunurdu.

Bazı tapınaklar, imparatorlara adanmış zafer anıtları ile birlikte tasarlanmıştı.

Tapınaklarda düzenlenen festival ve ritüeller, şehrin sosyal yaşamının en önemli etkinlikleri arasındaydı.

Nicomedia’daki tapınaklar, genellikle deniz ticaretiyle zenginleşmiş elit aileler tarafından finanse edilmiştir.

Arkeolojik kazılarda, Nicomedia tapınaklarına ait sütun tamburları, başlıklar ve mermer friz parçaları bulunmuştur.

Bazı araştırmacılar, Nicomedia’da Artemis’e adanmış bir kutsal alan olabileceğini öne sürmektedir.

Şehirde ayrıca Demeter-Kore kültünün varlığını doğrulayan buluntular vardır.

Roma döneminde tapınakların bir bölümü imparatorluk yollarının başlangıç noktaları olarak kullanılmıştır.

Tapınakların çevresinde rahiplerin ve hizmetkârların kaldığı kutsal evler (oikos) bulunurdu.

Tapınaklar, sadece ibadet alanı değil aynı zamanda politik ve toplumsal toplantı alanları olarak da işlev görürdü.

Nicomedia’da bulunan tapınakların bir kısmı üzerinde bugün modern yapılaşma bulunmaktadır.

Depremler nedeniyle orijinal tapınak temellerinin çoğu yeraltına gömülü durumdadır.

yüzyılda Hristiyanlığın yayılmasıyla şehirdeki pagan tapınaklarının çoğu kapatılmış veya başka yapılar olarak kullanılmıştır.

Bazı tapınaklar, Bizans döneminde kiliseye dönüştürülmüştür.

Nicomedia’nın tapınak mimarisi, Roma ile Anadolu yerel tarzlarının bir ** sentezi** niteliğindedir.

Tapınakların ön cephelerinde genellikle kabartmalı adak stelleri ve sunak taşları bulunurdu.

Nicomedia’daki bazı tapınaklarda, imparatorların tanrılaştırma törenleri (apotheosis) gerçekleştirilmiştir.

Tapınak alanlarından çıkarılan buluntuların bir kısmı bugün İzmit Arkeoloji Müzesi envanterindedir.

Nicomedia tapınaklarının tam konumlarının tespiti için modern İzmit’te jeofizik ve yeraltı radar araştırmaları hâlen devam etmektedir.